{
  "languages": "1033", 
  "version": "{version}", 
  "installer_version": "100", 
  "product_id": "19671260-92a2-437d-bb3a-d47e91e3cf23",
  "codepage": "1252", 
  "product_code": "4685a239-2c80-4f51-8476-791316d2df3d", 
  "manufacturer": "Mailpile ehf.",
  "product_icon": "mailpile_logo.ico",
  "icons": [
	"{mailpile}\\packages\\windows-wix\\assets\\mailpile_logo.ico"
  ],
  "ui": {
    "flavor": "WixUI_InstallDir",
    "variables": {
      "WixUILicenseRtf": "{mailpile}\\packages\\windows-wix\\assets\\LicenseText.rtf",
      "WixUIDialogBmp": "{mailpile}\\packages\\windows-wix\\assets\\WixUIDialog.bmp",
      "WixUIBannerBmp": "{mailpile}\\packages\\windows-wix\\assets\\WixUIBanner.bmp"
    }
  },
  "groups": {
    "python": {
      "ignore": [
        ".*\\.py(?:c|o)$", 
        ".*\\.git.*"
      ], 
      "root": "{python27}", 
      "uuid": "06dfe53e-01c3-4cd0-b6b6-1983f217692f"
    }, 
    "platform-scripts": {
      "ignore": [
        ".*\\.py(?:c|o)$", 
        ".*\\.git.*", 
        ".*\\.msi$"
      ], 
      "shortcuts": {
        "bin\\launch-mailpile.bat": {
          "Description": "Mailpile Email Client", 
          "Id": "MailpileShortcut", 
          "WorkingDirectory": "MailpileClient", 
          "Name": "Mailpile",
          "Show": "minimized",
          "Icon": "mailpile_logo.ico"
        }
      }, 
      "root": "{mailpile}\\packages\\windows-wix\\bin", 
      "uuid": "0540bc0b-a521-4488-812a-1c430ef1d8b3"
    }, 
    "gpg": {
      "ignore": [], 
      "root": "{gpg}", 
      "uuid": "a8014bc6-5282-4d7a-a46d-3b0d53519914"
    },
    "mailpile": {
      "ignore": [
        ".*\\.git.*", 
        ".*\\.msi$", 
        ".*packages\\\\windows.*"
      ], 
      "root": "{mailpile}", 
      "uuid": "62e900bd-7f53-4746-8ef9-f8d93848e89d"
    },
    "tor": {
      "root": "{tor}",
      "uuid": "b44d81df-26c5-468b-b9fe-348a9fd0d606"
    },
    "openssl": {
      "root": "{openssl}",
      "uuid": "827d52f4-62be-40c6-8fcf-42297fd99f79"
    }
  }
}